key_info,duration,delay,elapsed_time,推定感情
ctrl,0.794,0.0,13.711,設定状況の魅力
end,0.075,0.476,14.194,設定状況の魅力
r,0.08,57.485,72.019,設定状況の魅力
o,0.065,0.044,72.143,設定状況の魅力
k,0.121,0.176,72.384,設定状況の魅力
u,0.091,0.251,72.459,設定状況の魅力
z,0.092,1.161,73.711,設定状況の魅力
e,0.097,0.101,73.904,設定状況の魅力
r,0.043,0.115,74.117,設定状況の魅力
o,0.07,0.056,74.215,設定状況の魅力
f,0.066,1.398,75.683,設定状況の魅力
u,0.06,0.095,75.845,設定状況の魅力
t,0.065,0.13,76.034,設定状況の魅力
a,0.069,0.031,76.131,設定状況の魅力
w,0.064,1.019,77.219,設定状況の魅力
a,0.142,1.051,77.251,設定状況の魅力
r,0.055,0.171,77.564,設定状況の魅力
u,0.066,0.065,77.684,設定状況の魅力
d,0.12,1.017,78.767,設定状況の魅力
a,0.066,0.046,78.933,設定状況の魅力
s,0.068,0.191,79.19,設定状況の魅力
u,0.061,0.063,79.321,設定状況の魅力
t,0.017,0.979,80.361,設定状況の魅力
a,0.079,0.02,80.398,設定状況の魅力
u,0.062,0.354,80.832,設定状況の魅力
t,0.063,1.434,82.328,設定状況の魅力
a,0.076,0.009,82.399,設定状況の魅力
t,0.151,0.013,82.488,設定状況の魅力
u,0.105,0.143,82.619,設定状況の魅力
y,0.12,2.442,85.166,設定状況の魅力
u,0.115,2.514,85.237,設定状況の魅力
k,0.072,0.413,85.766,設定状況の魅力
a,0.093,0.017,85.855,設定状況の魅力
space,0.062,0.771,86.72,設定状況の魅力
p,0.07,27.517,114.298,設定状況の魅力
e,0.07,0.05,114.418,設定状況の魅力
t,0.054,0.168,114.656,設定状況の魅力
t,0.073,0.06,114.77,設定状況の魅力
o,0.08,0.075,114.918,設定状況の魅力
n,0.101,2.074,117.073,設定状況の魅力
i,0.098,2.143,117.141,設定状況の魅力
j,0.126,0.048,117.288,設定状況の魅力
i,0.122,0.137,117.377,設定状況の魅力
i,0.073,1.133,118.631,設定状況の魅力
k,0.078,0.635,119.339,設定状況の魅力
a,0.087,0.017,119.435,設定状況の魅力
r,0.105,0.061,119.582,設定状況の魅力
i,0.085,0.071,119.758,設定状況の魅力
a,0.08,0.717,120.56,設定状況の魅力
r,0.086,0.281,120.921,設定状況の魅力
i,0.101,0.209,121.215,設定状況の魅力
r,0.07,0.183,121.499,設定状況の魅力
a,0.119,0.02,121.589,設定状況の魅力
i,0.096,0.05,121.757,設定状況の魅力
n,0.07,0.763,122.616,設定状況の魅力
a,0.054,0.032,122.719,設定状況の魅力
k,0.086,0.015,122.788,設定状況の魅力
a,0.07,0.023,122.897,設定状況の魅力
k,0.173,0.617,123.585,設定状況の魅力
u,0.105,0.728,123.696,設定状況の魅力
b,0.12,0.498,124.299,設定状況の魅力
i,0.134,0.597,124.398,設定状況の魅力
i,0.067,0.549,125.081,設定状況の魅力
k,0.074,0.142,125.29,設定状況の魅力
e,0.083,0.5,125.865,設定状況の魅力
n,0.067,0.183,126.131,設定状況の魅力
n,0.067,0.078,126.276,設定状況の魅力
h,0.116,1.176,127.519,設定状況の魅力
a,0.072,0.051,127.687,設定状況の魅力
j,0.068,0.572,128.331,設定状況の魅力
a,0.069,0.03,128.429,設定状況の魅力
a,0.061,0.217,128.715,設定状況の魅力
h,0.079,0.91,129.685,設定状況の魅力
a,0.084,0.12,129.885,設定状況の魅力
j,0.1,0.578,130.547,設定状況の魅力
a,0.08,0.054,130.701,設定状況の魅力
m,0.081,0.039,130.82,設定状況の魅力
a,0.076,0.02,130.922,設定状況の魅力
s,0.062,1.933,132.931,設定状況の魅力
i,0.065,0.039,133.032,設定状況の魅力
a,0.09,0.015,133.112,設定状況の魅力
i,0.065,0.053,133.255,設定状況の魅力
i,0.067,1.729,135.05,設定状況の魅力
s,0.068,0.062,135.179,設定状況の魅力
u,0.047,0.038,135.285,設定状況の魅力
r,0.108,0.465,135.797,設定状況の魅力
i,0.078,0.026,135.931,設定状況の魅力
s,0.108,0.03,136.04,設定状況の魅力
u,0.104,0.221,136.368,設定状況の魅力
g,0.076,1.487,137.96,設定状況の魅力
y,0.185,0.031,138.067,設定状況の魅力
u,0.151,0.112,138.147,設定状況の魅力
y,0.106,1.159,139.457,設定状況の魅力
o,0.178,0.023,139.587,設定状況の魅力
u,0.12,0.135,139.698,設定状況の魅力
space,0.088,1.145,140.964,設定状況の魅力
u,0.067,12.416,153.468,設定状況の魅力
n,0.138,12.445,153.497,設定状況の魅力
t,0.067,0.195,153.83,設定状況の魅力
u,0.075,0.064,153.961,設定状況の魅力
n,0.101,1.095,155.131,設定状況の魅力
e,0.133,0.237,155.469,設定状況の魅力
n,0.097,0.015,155.616,設定状況の魅力
u,0.079,1.028,156.742,設定状況の魅力
n,0.102,0.999,157.82,設定状況の魅力
t,0.065,0.048,157.97,設定状況の魅力
e,0.079,0.103,158.138,設定状況の魅力
n,0.06,0.037,158.255,設定状況の魅力
n,0.079,0.081,158.396,設定状況の魅力
g,0.041,2.005,160.48,設定状況の魅力
i,0.047,0.078,160.6,設定状況の魅力
r,0.063,0.032,160.678,設定状況の魅力
i,0.092,0.046,160.787,設定状況の魅力
g,0.075,1.918,162.797,設定状況の魅力
y,0.126,0.033,162.905,設定状況の魅力
o,0.195,0.203,163.234,設定状況の魅力
u,0.144,0.305,163.336,設定状況の魅力
d,0.081,1.205,164.685,設定状況の魅力
a,0.09,0.031,164.798,設定状況の魅力
r,0.072,0.092,164.98,設定状況の魅力
e,0.079,0.034,165.087,設定状況の魅力
m,0.069,1.051,166.216,設定状況の魅力
a,0.082,0.044,166.33,設定状況の魅力
k,0.086,0.034,166.446,設定状況の魅力
u,0.116,1.365,167.897,設定状況の魅力
s,0.091,1.171,169.184,設定状況の魅力
u,0.078,0.031,169.306,設定状況の魅力
k,0.163,0.038,169.422,設定状況の魅力
u,0.092,0.162,169.546,設定状況の魅力
t,0.088,1.41,171.049,設定状況の魅力
y,0.078,0.396,171.533,設定状況の魅力
o,0.143,0.213,171.825,設定状況の魅力
u,0.095,0.587,172.555,設定状況の魅力
d,0.094,1.079,173.729,設定状況の魅力
d,0.077,0.815,174.639,設定状況の魅力
o,0.083,0.048,174.763,設定状況の魅力
r,0.125,0.117,174.963,設定状況の魅力
e,0.122,0.228,175.074,設定状況の魅力
z,0.088,0.667,175.863,設定状況の魅力
e,0.074,0.195,176.146,設定状況の魅力
h,0.116,0.109,176.33,設定状況の魅力
i,0.167,0.176,176.396,設定状況の魅力
a,0.082,0.34,176.904,設定状況の魅力
s,0.079,0.104,177.089,設定状況の魅力
i,0.091,0.054,177.222,設定状況の魅力
n,0.09,1.234,178.547,設定状況の魅力
i,0.116,1.273,178.586,設定状況の魅力
k,0.06,0.151,178.853,設定状況の魅力
k,0.066,0.084,178.996,設定状況の魅力
i,0.084,0.125,179.188,設定状況の魅力
a,0.088,0.359,179.63,設定状況の魅力
k,0.073,0.032,179.75,設定状況の魅力
a,0.084,0.031,179.853,設定状況の魅力
i,0.06,0.027,179.964,設定状況の魅力
b,0.074,0.777,180.801,設定状況の魅力
a,0.075,0.08,180.955,設定状況の魅力
t,0.084,0.134,181.163,設定状況の魅力
u,0.071,0.032,181.279,設定状況の魅力
a,0.1,1.229,182.58,設定状況の魅力
p,0.067,0.632,183.312,設定状況の魅力
a,0.075,0.031,183.41,設定状況の魅力
k,0.077,0.116,183.601,設定状況の魅力
p,0.104,0.875,184.554,設定状況の魅力
a,0.099,0.123,184.781,設定状況の魅力
d,0.081,0.287,185.167,設定状況の魅力
d,0.087,0.066,185.315,設定状況の魅力
o,0.087,0.043,185.444,設定状況の魅力
w,0.113,0.718,186.25,設定状況の魅力
a,0.096,0.038,186.401,設定状況の魅力
k,0.231,0.052,186.548,設定状況の魅力
u,0.112,0.212,186.708,設定状況の魅力
f,0.097,0.896,187.716,設定状況の魅力
u,0.066,0.033,187.846,設定状況の魅力
y,0.107,0.189,188.101,設定状況の魅力
u,0.137,0.253,188.164,設定状況の魅力
b,0.097,0.781,189.082,設定状況の魅力
e,0.153,0.031,189.21,設定状況の魅力
r,0.09,0.116,189.479,設定状況の魅力
u,0.097,0.032,189.601,設定状況の魅力
j,0.147,0.684,190.382,設定状況の魅力
i,0.108,0.768,190.466,設定状況の魅力
m,0.169,0.124,190.697,設定状況の魅力
i,0.129,0.205,190.779,設定状況の魅力
space,0.078,0.589,191.496,設定状況の魅力
a,0.095,13.465,205.039,設定状況の魅力
i,0.099,0.08,205.214,設定状況の魅力
d,0.103,0.153,205.467,設定状況の魅力
e,0.09,0.151,205.722,設定状況の魅力
a,0.083,0.117,205.928,設定状況の魅力
o,0.084,2.226,208.238,設定状況の魅力
d,0.081,0.059,208.38,設定状況の魅力
o,0.059,0.033,208.494,設定状況の魅力
r,0.125,0.159,208.712,設定状況の魅力
u,0.101,0.031,208.869,設定状況の魅力
s,0.069,0.666,209.637,設定状況の魅力
o,0.105,0.035,209.74,設定状況の魅力
r,0.108,0.074,209.92,設定状況の魅力
u,0.058,0.031,210.059,設定状況の魅力
t,0.093,0.718,210.835,設定状況の魅力
o,0.054,0.05,210.978,設定状況の魅力
o,0.084,0.083,211.115,設定状況の魅力
r,0.096,0.104,211.303,設定状況の魅力
u,0.137,0.151,211.35,設定状況の魅力
y,0.146,2.053,213.54,設定状況の魅力
o,0.127,2.18,213.667,設定状況の魅力
t,0.03,0.576,214.37,設定状況の魅力
t,0.071,0.098,214.498,設定状況の魅力
u,0.061,0.051,214.619,設定状況の魅力
d,0.106,1.158,215.838,設定状況の魅力
a,0.093,1.259,215.94,設定状況の魅力
s,0.102,0.095,216.127,設定状況の魅力
u,0.117,0.128,216.161,設定状況の魅力
h,0.09,0.673,216.95,設定状況の魅力
e,0.073,0.03,217.071,設定状況の魅力
b,0.077,0.233,217.378,設定状況の魅力
n,0.107,0.234,217.378,設定状況の魅力
i,0.142,0.283,217.428,設定状況の魅力
h,0.077,2.136,219.706,設定状況の魅力
e,0.117,2.208,219.777,設定状況の魅力
b,0.117,0.217,220.111,設定状況の魅力
i,0.124,0.3,220.194,設定状況の魅力
d,0.075,1.952,222.269,設定状況の魅力
i,0.034,0.157,222.501,設定状況の魅力
o,0.064,0.157,222.501,設定状況の魅力
d,0.066,1.23,223.795,設定状況の魅力
o,0.081,1.291,223.856,設定状況の魅力
r,0.073,0.092,224.029,設定状況の魅力
u,0.077,0.157,224.094,設定状況の魅力
o,0.081,1.098,225.269,設定状況の魅力
o,0.108,0.121,225.471,設定状況の魅力
m,0.113,0.674,226.253,設定状況の魅力
o,0.095,0.771,226.35,設定状況の魅力
u,0.078,0.125,226.569,設定状況の魅力
b,0.073,1.532,228.179,設定状況の魅力
e,0.067,0.042,228.294,設定状況の魅力
r,0.084,0.088,228.448,設定状況の魅力
u,0.098,0.146,228.507,設定状況の魅力
j,0.128,0.898,229.502,設定状況の魅力
h,0.09,0.901,229.505,設定状況の魅力
i,0.109,0.947,229.552,設定状況の魅力
j,0.142,0.351,230.012,設定状況の魅力
i,0.1,0.423,230.084,設定状況の魅力
k,0.197,0.088,230.272,設定状況の魅力
u,0.105,0.21,230.394,設定状況の魅力
a,0.083,0.421,230.921,設定状況の魅力
m,0.087,0.493,230.993,設定状況の魅力
a,0.07,0.032,231.112,設定状況の魅力
i,0.085,0.028,231.21,設定状況の魅力
i,0.064,0.978,232.273,設定状況の魅力
k,0.061,0.133,232.47,設定状況の魅力
a,0.101,0.105,232.636,設定状況の魅力
i,0.094,0.664,233.4,設定状況の魅力
k,0.097,0.107,233.602,設定状況の魅力
a,0.09,0.032,233.73,設定状況の魅力
i,0.079,0.77,234.589,設定状況の魅力
k,0.079,0.095,234.764,設定状況の魅力
o,0.117,0.167,235.01,設定状況の魅力
u,0.096,0.071,235.198,設定状況の魅力
d,0.106,0.778,236.072,設定状況の魅力
a,0.11,0.074,236.252,設定状況の魅力
m,0.103,0.256,236.617,設定状況の魅力
e,0.116,0.04,236.761,設定状況の魅力
o,0.143,0.749,237.626,設定状況の魅力
u,0.127,0.837,237.714,設定状況の魅力
j,0.156,0.282,238.123,設定状況の魅力
i,0.121,0.36,238.201,設定状況の魅力
d,0.089,0.808,239.13,設定状況の魅力
o,0.092,0.031,239.25,設定状況の魅力
k,0.185,0.155,239.498,設定状況の魅力
u,0.108,0.263,239.606,設定状況の魅力
s,0.105,0.429,240.143,設定状況の魅力
o,0.093,0.513,240.226,設定状況の魅力
t,0.11,0.174,240.494,設定状況の魅力
o,0.093,0.047,240.65,設定状況の魅力
b,0.119,0.459,241.203,設定状況の魅力
i,0.059,0.025,241.346,設定状況の魅力
r,0.076,0.145,241.55,設定状況の魅力
u,0.081,0.031,241.658,設定状況の魅力
f,0.069,1.315,243.054,設定状況の魅力
u,0.077,0.056,243.179,設定状況の魅力
r,0.096,0.15,243.406,設定状況の魅力
u,0.084,0.046,243.549,設定状況の魅力
k,0.085,0.804,244.437,設定状況の魅力
i,0.089,0.115,244.637,設定状況の魅力
z,0.107,0.162,244.889,設定状況の魅力
u,0.107,0.267,244.994,設定状況の魅力
b,0.07,0.877,245.977,設定状況の魅力
a,0.082,0.031,246.078,設定状況の魅力
s,0.086,0.25,246.41,設定状況の魅力
u,0.111,0.043,246.539,設定状況の魅力
m,0.076,0.627,247.277,設定状況の魅力
a,0.088,0.031,247.384,設定状況の魅力
d,0.095,0.13,247.602,設定状況の魅力
o,0.094,0.221,247.693,設定状況の魅力
a,0.105,0.823,248.61,設定状況の魅力
i,0.102,0.031,248.746,設定状況の魅力
s,0.099,0.08,248.928,設定状況の魅力
u,0.122,0.028,249.055,設定状況の魅力
s,0.117,1.55,250.727,設定状況の魅力
k,0.179,1.654,250.831,設定状況の魅力
f,0.104,3.1,254.11,設定状況の魅力
u,0.107,0.071,254.285,設定状況の魅力
n,0.097,0.191,254.583,設定状況の魅力
e,0.115,0.031,254.711,設定状況の魅力
m,0.069,0.551,255.377,設定状況の魅力
n,0.078,0.38,255.827,設定状況の魅力
a,0.1,0.04,255.945,設定状況の魅力
m,0.107,0.076,256.121,設定状況の魅力
e,0.112,0.03,256.258,設定状況の魅力
o,0.102,1.433,257.803,設定状況の魅力
r,0.058,0.422,258.327,設定状況の魅力
t,0.09,0.327,258.712,設定状況の魅力
o,0.067,0.04,258.842,設定状況の魅力
r,0.084,0.087,258.996,設定状況の魅力
u,0.131,0.159,259.069,設定状況の魅力
w,0.099,0.932,260.132,設定状況の魅力
a,0.084,0.048,260.279,設定状況の魅力
i,0.086,0.079,260.442,設定状況の魅力
n,0.078,0.122,260.65,設定状況の魅力
n,0.099,0.072,260.8,設定状況の魅力
a,0.064,0.501,261.4,設定状況の魅力
m,0.084,0.038,261.501,設定状況の魅力
a,0.063,0.03,261.615,設定状況の魅力
r,0.087,0.168,261.846,設定状況の魅力
u,0.113,0.054,261.987,設定状況の魅力
m,0.079,0.527,262.627,設定状況の魅力
a,0.069,0.044,262.749,設定状況の魅力
d,0.101,0.124,262.943,設定状況の魅力
o,0.079,0.032,263.076,設定状況の魅力
a,0.073,0.338,263.493,設定状況の魅力
i,0.081,0.062,263.628,設定状況の魅力
t,0.074,0.35,264.06,設定状況の魅力
e,0.131,0.101,264.235,設定状況の魅力
b,0.102,0.291,264.657,設定状況の魅力
a,0.05,0.028,264.786,設定状況の魅力
k,0.047,0.147,264.984,設定状況の魅力
a,0.116,0.032,265.063,設定状況の魅力
s,0.082,1.34,266.519,設定状況の魅力
i,0.081,0.144,266.745,設定状況の魅力
t,0.065,0.052,266.878,設定状況の魅力
u,0.07,0.03,266.973,設定状況の魅力
space,0.069,0.356,267.399,設定状況の魅力
k,0.116,8.25,275.719,設定状況の魅力
o,0.099,8.316,275.785,設定状況の魅力
n,0.119,0.225,276.109,設定状況の魅力
g,0.121,0.393,276.622,設定状況の魅力
o,0.081,0.514,276.742,設定状況の魅力
r,0.087,5.755,282.578,設定状況の魅力
a,0.095,0.064,282.729,設定状況の魅力
j,0.127,0.226,283.05,設定状況の魅力
i,0.107,0.281,283.105,設定状況の魅力
o,0.128,0.104,283.316,設定状況の魅力
y,0.09,2.465,285.909,設定状況の魅力
o,0.232,0.03,286.029,設定状況の魅力
u,0.058,0.04,286.301,設定状況の魅力
r,0.084,1.038,287.396,設定状況の魅力
i,0.096,1.096,287.455,設定状況の魅力
t,0.079,0.115,287.665,設定状況の魅力
u,0.091,0.175,287.725,設定状況の魅力
d,0.096,5.27,293.086,設定状況の魅力
a,0.065,0.028,293.21,設定状況の魅力
n,0.088,0.028,293.302,設定状況の魅力
s,0.097,0.071,293.462,設定状況の魅力
u,0.068,0.028,293.586,設定状況の魅力
s,0.122,2.145,295.799,設定状況の魅力
i,0.074,0.089,296.01,設定状況の魅力
r,0.035,0.113,296.196,設定状況の魅力
u,0.087,0.141,296.225,設定状況の魅力
t,0.07,1.117,297.429,設定状況の魅力
o,0.063,0.031,297.531,設定状況の魅力
k,0.076,0.116,297.71,設定状況の魅力
i,0.093,0.083,297.868,設定状況の魅力
n,0.082,0.348,298.31,設定状況の魅力
e,0.116,0.036,298.428,設定状況の魅力
g,0.108,0.206,298.75,設定状況の魅力
i,0.111,0.03,298.889,設定状況の魅力
s,0.094,0.426,299.425,設定状況の魅力
i,0.076,0.037,299.557,設定状況の魅力
k,0.088,0.121,299.754,設定状況の魅力
i,0.09,0.084,299.926,設定状況の魅力
d,0.079,0.688,300.704,設定状況の魅力
a,0.081,0.066,300.848,設定状況の魅力
s,0.091,0.054,300.984,設定状況の魅力
u,0.093,0.048,301.123,設定状況の魅力
w,0.09,0.596,301.813,設定状況の魅力
a,0.082,0.031,301.934,設定状況の魅力
r,0.11,0.067,302.083,設定状況の魅力
u,0.098,0.162,302.178,設定状況の魅力
n,0.085,0.952,303.229,設定状況の魅力
u,0.082,0.396,303.709,設定状況の魅力
r,0.09,0.089,303.881,設定状況の魅力
u,0.078,0.176,303.968,設定状況の魅力
b,0.142,1.087,305.133,設定状況の魅力
i,0.073,0.03,305.305,設定状況の魅力
e,0.084,0.501,305.879,設定状況の魅力
b,0.128,0.107,306.07,設定状況の魅力
i,0.1,0.194,306.157,設定状況の魅力
s,0.077,0.192,306.449,設定状況の魅力
u,0.066,0.056,306.583,設定状況の魅力
space,0.092,0.518,307.167,設定状況の魅力
o,0.074,9.209,316.467,設定状況の魅力
k,0.12,9.267,316.525,設定状況の魅力
o,0.093,0.074,316.615,設定状況の魅力
r,0.117,0.145,316.853,設定状況の魅力
u,0.13,0.194,316.902,設定状況の魅力
b,0.165,1.911,318.943,設定状況の魅力
o,0.116,2.053,319.085,設定状況の魅力
k,0.169,0.172,319.374,設定状況の魅力
u,0.115,0.285,319.486,設定状況の魅力
g,0.073,0.645,320.247,設定状況の魅力
o,0.06,0.028,320.348,設定状況の魅力
g,0.077,0.042,320.45,設定状況の魅力
o,0.079,0.116,320.524,設定状況の魅力
i,0.092,0.938,321.541,設定状況の魅力
t,0.085,0.056,321.69,設定状況の魅力
a,0.104,0.074,321.848,設定状況の魅力
t,0.084,0.306,322.259,設定状況の魅力
t,0.064,0.102,322.444,設定状況の魅力
a,0.084,0.909,323.417,設定状況の魅力
k,0.084,0.032,323.534,設定状況の魅力
a,0.077,0.03,323.647,設定状況の魅力
i,0.063,0.026,323.751,設定状況の魅力
h,0.116,1.028,324.842,設定状況の魅力
i,0.143,1.127,324.941,設定状況の魅力
m,0.206,0.03,325.114,設定状況の魅力
o,0.176,0.183,325.268,設定状況の魅力
a,0.156,0.316,325.76,設定状況の魅力
t,0.11,0.464,325.908,設定状況の魅力
o,0.073,0.022,326.04,設定状況の魅力
b,0.088,0.597,326.71,設定状況の魅力
a,0.052,0.029,326.826,設定状況の魅力
a,0.071,0.092,326.97,設定状況の魅力
i,0.099,0.124,327.164,設定状況の魅力
h,0.123,1.155,328.418,設定状況の魅力
e,0.119,0.036,328.577,設定状況の魅力
h,0.126,0.516,329.212,設定状況の魅力
i,0.1,0.301,329.64,設定状況の魅力
e,0.104,0.23,329.97,設定状況の魅力
r,0.096,0.171,330.245,設定状況の魅力
u,0.141,0.221,330.295,設定状況の魅力
j,0.111,0.884,331.32,設定状況の魅力
y,0.139,0.144,331.574,設定状況の魅力
u,0.117,0.22,331.651,設定状況の魅力
k,0.176,0.189,331.957,設定状況の魅力
u,0.103,0.306,332.074,設定状況の魅力
r,0.12,1.377,333.553,設定状況の魅力
n,0.106,0.05,333.724,設定状況の魅力
e,0.087,0.452,334.282,設定状況の魅力
n,0.092,0.063,334.432,設定状況の魅力
d,0.035,0.241,334.765,設定状況の魅力
h,0.115,0.031,334.831,設定状況の魅力
e,0.12,1.046,335.993,設定状況の魅力
n,0.097,0.202,336.314,設定状況の魅力
s,0.099,0.372,336.783,設定状況の魅力
o,0.197,0.171,337.053,設定状況の魅力
u,0.114,0.312,337.195,設定状況の魅力
b,0.151,0.824,338.133,設定状況の魅力
i,0.145,0.909,338.217,設定状況の魅力
z,0.101,0.295,338.657,設定状況の魅力
a,0.128,0.171,338.929,設定状況の魅力
j,0.151,0.822,339.879,設定状況の魅力
i,0.105,0.9,339.957,設定状況の魅力
k,0.087,0.101,340.163,設定状況の魅力
i,0.104,0.09,340.339,設定状況の魅力
a,0.11,0.764,341.207,設定状況の魅力
t,0.107,0.224,341.541,設定状況の魅力
u,0.122,0.032,341.68,設定状況の魅力
i,0.115,0.057,341.859,設定状況の魅力
b,0.106,0.494,342.467,設定状況の魅力
u,0.113,0.256,342.83,設定状況の魅力
a,0.11,0.43,343.373,設定状況の魅力
b,0.161,0.517,344.0,設定状況の魅力
u,0.112,0.65,344.133,設定状況の魅力
t,0.081,0.09,344.336,設定状況の魅力
a,0.099,0.034,344.45,設定状況の魅力
i,0.102,0.083,344.499,設定状況の魅力
o,0.061,0.755,345.357,設定状況の魅力
n,0.056,0.134,345.551,設定状況の魅力
n,0.061,0.077,345.684,設定状況の魅力
n,0.07,0.066,345.811,設定状況の魅力
a,0.075,0.029,345.911,設定状況の魅力
g,0.114,0.941,346.927,設定状況の魅力
o,0.122,0.039,347.08,設定状況の魅力
m,0.119,0.11,347.312,設定状況の魅力
u,0.13,0.271,347.702,設定状況の魅力
d,0.114,0.843,348.675,設定状況の魅力
o,0.06,0.023,348.812,設定状況の魅力
r,0.213,0.048,348.92,設定状況の魅力
e,0.121,0.226,349.098,設定状況の魅力
t,0.096,0.707,349.927,設定状況の魅力
i,0.094,0.027,350.049,設定状況の魅力
z,0.111,0.168,350.311,設定状況の魅力
u,0.11,0.059,350.482,設定状況の魅力
k,0.093,0.588,351.181,設定状況の魅力
a,0.084,0.681,351.274,設定状況の魅力
j,0.148,0.135,351.492,設定状況の魅力
i,0.117,0.216,351.573,設定状況の魅力
j,0.147,1.245,352.935,設定状況の魅力
i,0.116,1.317,353.007,設定状況の魅力
s,0.104,0.107,353.23,設定状況の魅力
a,0.1,0.031,353.366,設定状況の魅力
a,0.104,0.744,354.209,設定状況の魅力
o,0.096,0.246,354.56,設定状況の魅力
p,0.066,0.278,354.933,設定状況の魅力
p,0.087,0.078,355.077,設定状況の魅力
a,0.1,0.154,355.319,設定状況の魅力
p,0.058,0.041,355.46,設定状況の魅力
p,0.082,0.072,355.59,設定状況の魅力
u,0.112,0.106,355.778,設定状況の魅力
space,0.09,0.25,356.14,設定状況の魅力
a,0.096,5.159,361.39,設定状況の魅力
s,0.098,1.246,362.731,設定状況の魅力
o,0.085,1.337,362.823,設定状況の魅力
b,0.192,0.165,363.072,設定状況の魅力
i,0.12,0.309,363.217,設定状況の魅力
k,0.197,1.838,365.175,設定状況の魅力
o,0.129,1.936,365.273,設定状況の魅力
k,0.113,0.346,365.748,設定状況の魅力
u,0.11,0.13,365.992,設定状況の魅力
r,0.067,0.098,366.2,設定状況の魅力
o,0.076,0.053,366.321,設定状況の魅力
d,0.109,1.309,367.706,設定状況の魅力
o,0.077,1.416,367.813,設定状況の魅力
u,0.128,0.415,368.305,設定状況の魅力
r,0.127,0.058,368.491,設定状況の魅力
e,0.153,0.115,368.548,設定状況の魅力
k,0.082,1.022,369.723,設定状況の魅力
d,0.128,0.191,369.996,設定状況の魅力
o,0.175,0.051,370.175,設定状況の魅力
u,0.13,0.191,370.315,設定状況の魅力
r,0.115,0.33,370.775,設定状況の魅力
o,0.073,0.026,370.916,設定状況の魅力
d,0.081,0.552,371.542,設定状況の魅力
o,0.078,0.031,371.653,設定状況の魅力
k,0.112,0.029,371.76,設定状況の魅力
o,0.086,0.104,371.835,設定状況の魅力
a,0.079,0.844,372.764,設定状況の魅力
i,0.101,0.052,372.895,設定状況の魅力
s,0.104,0.067,373.062,設定状況の魅力
u,0.07,0.035,373.202,設定状況の魅力
u,0.084,0.594,373.865,設定状況の魅力
e,0.11,0.081,374.03,設定状況の魅力
r,0.088,0.08,374.22,設定状況の魅力
u,0.089,0.037,374.346,設定状況の魅力
y,0.111,1.609,376.044,設定状況の魅力
u,0.11,1.688,376.123,設定状況の魅力
m,0.077,0.289,376.522,設定状況の魅力
e,0.078,0.031,376.63,設定状況の魅力
w,0.12,6.731,383.439,設定状況の魅力
a,0.134,6.83,383.538,設定状況の魅力
k,0.176,0.067,383.739,設定状況の魅力
l,0.141,0.067,383.739,設定状況の魅力
y,0.125,1.21,385.125,設定状況の魅力
u,0.066,1.297,385.212,設定状況の魅力
k,0.086,0.121,385.399,設定状況の魅力
i,0.088,0.087,385.572,設定状況の魅力
i,0.108,0.566,386.227,設定状況の魅力
d,0.114,0.23,386.564,設定状況の魅力
a,0.106,0.03,386.708,設定状況の魅力
i,0.107,0.095,386.773,設定状況の魅力
h,0.111,1.109,387.989,設定状況の魅力
g,0.042,1.116,387.996,設定状況の魅力
a,0.129,0.031,388.069,設定状況の魅力
j,0.081,0.848,389.046,設定状況の魅力
a,0.069,0.038,389.165,設定状況の魅力
m,0.081,0.04,389.275,設定状況の魅力
a,0.071,0.028,389.384,設定状況の魅力
h,0.077,1.035,390.489,設定状況の魅力
a,0.081,1.086,390.54,設定状況の魅力
t,0.086,0.133,390.755,設定状況の魅力
o,0.071,0.031,390.872,設定状況の魅力
o,0.076,0.911,391.854,設定状況の魅力
k,0.077,0.116,392.046,設定状況の魅力
a,0.075,0.03,392.154,設定状況の魅力
s,0.103,0.084,392.312,設定状況の魅力
i,0.069,0.03,392.445,設定状況の魅力
a,0.104,1.138,393.651,設定状況の魅力
s,0.099,0.061,393.815,設定状況の魅力
i,0.101,0.29,394.204,設定状況の魅力
j,0.185,0.437,394.742,設定状況の魅力
i,0.141,0.527,394.833,設定状況の魅力
s,0.07,2.099,397.073,設定状況の魅力
e,0.122,0.083,397.226,設定状況の魅力
a,0.104,0.093,397.441,設定状況の魅力
u,0.116,0.093,397.638,設定状況の魅力
m,0.096,0.489,398.243,設定状況の魅力
e,0.128,0.031,398.37,設定状況の魅力
s,0.081,0.286,398.784,設定状況の魅力
u,0.091,0.031,398.896,設定状況の魅力
d,0.098,0.646,399.634,設定状況の魅力
e,0.131,0.087,399.818,設定状況の魅力
a,0.108,0.251,400.2,設定状況の魅力
u,0.11,0.141,400.449,設定状況の魅力
t,0.143,1.407,401.966,設定状況の魅力
i,0.116,0.165,402.274,設定状況の魅力
t,0.119,0.154,402.543,設定状況の魅力
i,0.094,0.031,402.693,設定状況の魅力
h,0.117,0.85,403.637,設定状況の魅力
y,0.142,0.195,403.95,設定状況の魅力
o,0.189,0.041,404.133,設定状況の魅力
u,0.127,0.168,404.26,設定状況の魅力
t,0.099,0.711,405.097,設定状況の魅力
o,0.158,0.042,405.238,設定状況の魅力
u,0.126,0.126,405.322,設定状況の魅力
d,0.081,0.176,405.624,設定状況の魅力
u,0.088,0.031,405.735,設定状況の魅力
t,0.077,0.855,406.678,設定状況の魅力
o,0.121,0.031,406.786,設定状況の魅力
u,0.093,0.1,406.854,設定状況の魅力
d,0.085,0.045,406.993,設定状況の魅力
u,0.059,0.028,407.106,設定状況の魅力
r,0.119,1.329,408.494,設定状況の魅力
o,0.089,0.064,408.676,設定状況の魅力
k,0.153,0.125,408.89,設定状況の魅力
u,0.114,0.252,409.017,設定状況の魅力
u,0.106,0.7,409.832,設定状況の魅力
s,0.098,0.503,410.44,設定状況の魅力
u,0.11,0.035,410.572,設定状況の魅力
k,0.084,0.096,410.779,設定状況の魅力
i,0.066,0.159,411.022,設定状況の魅力
u,0.076,0.434,411.522,設定状況の魅力
s,0.087,0.049,411.647,設定状況の魅力
i,0.071,0.032,411.766,設定状況の魅力
u,0.122,0.528,412.365,設定状況の魅力
s,0.121,0.18,412.667,設定状況の魅力
u,0.107,0.225,413.013,設定状況の魅力
i,0.091,0.118,413.239,設定状況の魅力
n,0.102,1.019,414.349,設定状況の魅力
e,0.128,0.081,414.531,設定状況の魅力
n,0.116,0.216,414.876,設定状況の魅力
d,0.119,0.301,415.293,設定状況の魅力
o,0.099,0.031,415.443,設定状況の魅力
y,0.148,0.782,416.323,設定状況の魅力
o,0.167,0.049,416.52,設定状況の魅力
r,0.081,0.204,416.891,設定状況の魅力
u,0.123,0.267,416.954,設定状況の魅力
k,0.098,0.672,417.748,設定状況の魅力
a,0.105,0.049,417.895,設定状況の魅力
m,0.153,0.061,418.062,設定状況の魅力
i,0.133,0.159,418.159,設定状況の魅力
y,0.142,0.64,418.932,設定状況の魅力
k,0.162,0.687,419.761,設定状況の魅力
u,0.111,0.814,419.888,設定状況の魅力
r,0.123,0.122,420.121,設定状況の魅力
o,0.102,0.21,420.209,設定状況の魅力
i,0.064,0.568,420.879,設定状況の魅力
g,0.077,0.178,421.121,設定状況の魅力
a,0.104,0.032,421.229,設定状況の魅力
i,0.067,0.033,421.367,設定状況の魅力
h,0.094,0.672,422.106,設定状況の魅力
y,0.165,0.161,422.362,設定状況の魅力
o,0.188,0.3,422.5,設定状況の魅力
u,0.116,0.116,422.643,設定状況の魅力
b,0.141,0.762,423.521,設定状況の魅力
i,0.118,0.851,423.61,設定状況の魅力
a,0.124,0.275,424.003,設定状況の魅力
u,0.159,1.011,425.138,設定状況の魅力
t,0.109,0.136,425.434,設定状況の魅力
a,0.111,0.334,425.877,設定状況の魅力
u,0.109,0.17,426.157,設定状況の魅力
d,0.113,0.971,427.237,設定状況の魅力
o,0.171,1.03,427.295,設定状況の魅力
u,0.106,0.025,427.492,設定状況の魅力
r,0.13,0.032,427.498,設定状況の魅力
a,0.085,0.809,428.437,設定状況の魅力
c,0.113,0.476,428.999,設定状況の魅力
a,0.102,0.077,429.189,設定状況の魅力
t,0.084,1.349,430.64,設定状況の魅力
a,0.095,0.091,430.815,設定状況の魅力
k,0.177,0.063,430.972,設定状況の魅力
u,0.141,0.154,431.063,設定状況の魅力
d,0.116,0.563,431.766,設定状況の魅力
o,0.081,0.031,431.914,設定状況の魅力
r,0.116,0.093,432.088,設定状況の魅力
u,0.13,0.2,432.195,設定状況の魅力
m,0.062,0.878,433.203,設定状況の魅力
a,0.098,0.027,433.292,設定状況の魅力
k,0.158,0.055,433.446,設定状況の魅力
u,0.122,0.156,433.547,設定状況の魅力
t,0.089,1.37,435.039,設定状況の魅力
a,0.094,0.092,435.221,設定状況の魅力
o,0.201,0.072,435.386,設定状況の魅力
u,0.097,0.217,435.531,設定状況の魅力
t,0.09,0.588,436.217,設定状況の魅力
a,0.099,0.098,436.404,設定状況の魅力
o,0.113,0.128,436.631,設定状況の魅力
u,0.078,0.031,436.775,設定状況の魅力
s,0.107,0.054,436.799,設定状況の魅力
t,0.124,0.52,437.425,設定状況の魅力
a,0.085,0.071,437.62,設定状況の魅力
o,0.074,0.124,437.83,設定状況の魅力
s,0.117,0.05,437.953,設定状況の魅力
u,0.072,0.029,438.099,設定状況の魅力
j,0.088,0.532,438.703,設定状況の魅力
i,0.153,0.209,439.0,設定状況の魅力
o,0.089,0.43,439.583,設定状況の魅力
u,0.119,0.162,439.833,設定状況の魅力
o,0.069,0.637,440.59,設定状況の魅力
t,0.07,0.045,440.704,設定状況の魅力
t,0.064,0.072,440.847,設定状況の魅力
o,0.076,0.133,441.044,設定状況の魅力
n,0.076,1.333,442.453,設定状況の魅力
a,0.096,1.403,442.523,設定状況の魅力
s,0.087,0.37,442.99,設定状況の魅力
a,0.106,0.031,443.108,設定状況の魅力
r,0.095,0.224,443.438,設定状況の魅力
u,0.09,0.055,443.588,設定状況の魅力
n,0.096,0.692,444.37,設定状況の魅力
r,0.113,0.47,444.937,設定状況の魅力
u,0.079,0.027,445.076,設定状況の魅力
n,0.081,0.4,445.555,設定状況の魅力
u,0.081,0.13,445.767,設定状況の魅力
r,0.102,0.043,445.891,設定状況の魅力
u,0.05,0.034,446.027,設定状況の魅力
r,0.113,1.083,447.16,設定状況の魅力
i,0.074,0.03,447.302,設定状況の魅力
k,0.091,0.177,447.554,設定状況の魅力
a,0.1,0.025,447.67,設定状況の魅力
a,0.102,0.29,448.06,設定状況の魅力
i,0.083,0.058,448.22,設定状況の魅力
d,0.114,0.33,448.633,設定状況の魅力
e,0.107,0.1,448.847,設定状況の魅力
a,0.106,0.093,449.047,設定状況の魅力
m,0.087,0.451,449.603,設定状況の魅力
a,0.071,0.031,449.721,設定状況の魅力
d,0.129,0.086,449.878,設定状況の魅力
o,0.108,0.203,449.995,設定状況の魅力
n,0.096,0.417,450.519,設定状況の魅力
e,0.085,0.03,450.646,設定状況の魅力
i,0.064,0.399,451.13,設定状況の魅力
h,0.109,0.676,451.87,設定状況の魅力
a,0.096,0.03,452.009,設定状況の魅力
k,0.206,0.209,452.314,設定状況の魅力
o,0.114,0.371,452.476,設定状況の魅力
t,0.084,0.747,453.336,設定状況の魅力
u,0.126,0.192,453.612,設定状況の魅力
t,0.105,0.343,454.081,設定状況の魅力
y,0.146,0.044,454.23,設定状況の魅力
o,0.214,0.161,454.347,設定状況の魅力
u,0.113,0.147,454.523,設定状況の魅力
p,0.116,1.44,456.076,設定状況の魅力
o,0.089,1.512,456.148,設定状況の魅力
s,0.105,0.18,456.416,設定状況の魅力
u,0.073,0.27,456.506,設定状況の魅力
t,0.082,0.087,456.666,設定状況の魅力
o,0.079,0.021,456.769,設定状況の魅力
n,0.061,1.116,457.963,設定状況の魅力
e,0.083,1.177,458.025,設定状況の魅力
r,0.047,0.15,458.258,設定状況の魅力
u,0.111,0.03,458.336,設定状況の魅力
i,0.083,1.173,459.619,設定状況の魅力
y,0.111,0.215,459.917,設定状況の魅力
o,0.151,0.031,460.059,設定状況の魅力
i,0.099,0.193,460.404,設定状況の魅力
y,0.13,0.041,460.543,設定状況の魅力
o,0.185,0.03,460.703,設定状況の魅力
z,0.074,0.826,461.713,設定状況の魅力
e,0.088,0.333,462.121,設定状況の魅力
n,0.149,0.129,462.337,設定状況の魅力
i,0.121,0.232,462.44,設定状況の魅力
h,0.106,0.519,463.08,設定状況の魅力
a,0.089,0.032,463.219,設定状況の魅力
y,0.103,0.375,463.683,設定状況の魅力
a,0.099,0.058,463.844,設定状況の魅力
h,0.07,0.64,464.583,設定状況の魅力
a,0.083,0.023,464.676,設定状況の魅力
t,0.065,0.042,464.801,設定状況の魅力
a,0.102,0.041,464.907,設定状況の魅力
a,0.072,0.119,465.127,設定状況の魅力
i,0.079,0.125,465.324,設定状況の魅力
g,0.093,1.105,466.508,設定状況の魅力
o,0.087,0.031,466.632,設定状況の魅力
m,0.125,0.142,466.861,設定状況の魅力
i,0.149,0.201,466.92,設定状況の魅力
n,0.084,0.555,467.623,設定状況の魅力
a,0.077,0.627,467.695,設定状況の魅力
m,0.084,0.067,467.839,設定状況の魅力
a,0.095,0.122,467.895,設定状況の魅力
e,0.101,0.13,468.121,設定状況の魅力
s,0.08,0.417,468.639,設定状況の魅力
i,0.092,0.097,468.816,設定状況の魅力
k,0.084,0.186,469.094,設定状況の魅力
y,0.084,0.091,469.27,設定状況の魅力
o,0.154,0.058,469.412,設定状況の魅力
u,0.127,0.181,469.534,設定状況の魅力
h,0.09,1.17,470.831,設定状況の魅力
a,0.087,0.037,470.957,設定状況の魅力
y,0.064,0.319,471.364,設定状況の魅力
t,0.017,0.331,471.376,設定状況の魅力
space,0.083,0.182,471.61,設定状況の魅力
p,0.067,5.303,476.996,設定状況の魅力
e,0.116,0.042,477.105,設定状況の魅力
-,0.072,0.093,477.314,設定状況の魅力
s,0.087,0.272,477.658,設定状況の魅力
u,0.085,0.061,477.806,設定状況の魅力
m,0.078,4.578,482.468,設定状況の魅力
a,0.062,0.03,482.577,設定状況の魅力
n,0.078,0.029,482.668,設定状況の魅力
a,0.08,0.027,482.773,設定状況の魅力
-,0.065,0.5,483.353,設定状況の魅力
h,0.064,2.125,485.543,設定状況の魅力
a,0.085,0.028,485.635,設定状況の魅力
t,0.072,0.168,485.888,設定状況の魅力
t,0.094,0.074,486.034,設定状況の魅力
a,0.095,0.073,486.201,設定状況の魅力
r,0.116,0.622,486.918,設定状況の魅力
y,0.101,0.03,487.064,設定状況の魅力
o,0.164,0.122,487.157,設定状況の魅力
u,0.099,0.098,487.263,設定状況の魅力
d,0.113,0.544,487.907,設定状況の魅力
o,0.087,0.029,488.048,設定状況の魅力
r,0.127,0.286,488.42,設定状況の魅力
e,0.13,0.357,488.491,設定状況の魅力
p,0.093,0.614,489.236,設定状況の魅力
r,0.067,0.408,489.736,設定状況の魅力
o,0.08,0.03,489.833,設定状況の魅力
f,0.134,1.311,491.225,設定状況の魅力
e,0.175,0.03,491.389,設定状況の魅力
r,0.107,0.183,491.746,設定状況の魅力
e,0.151,0.037,491.89,設定状況の魅力
t,0.056,0.062,492.103,設定状況の魅力
t,0.078,0.075,492.235,設定状況の魅力
o,0.093,0.049,492.362,設定状況の魅力
p,0.116,0.638,493.092,設定状況の魅力
u,0.125,0.072,493.28,設定状況の魅力
r,0.113,0.283,493.688,設定状況の魅力
t,0.087,0.918,494.719,設定状況の魅力
o,0.09,0.029,494.835,設定状況の魅力
k,0.087,0.119,495.044,設定状況の魅力
i,0.091,0.087,495.219,設定状況の魅力
t,0.081,3.594,498.904,設定状況の魅力
a,0.089,0.099,499.084,設定状況の魅力
o,0.203,0.144,499.317,設定状況の魅力
u,0.137,0.03,499.551,設定状況の魅力
t,0.095,0.607,500.294,設定状況の魅力
a,0.099,0.064,500.453,設定状況の魅力
o,0.133,0.072,500.624,設定状況の魅力
u,0.096,0.03,500.787,設定状況の魅力
s,0.087,0.032,500.915,設定状況の魅力
t,0.109,0.409,501.411,設定状況の魅力
a,0.108,0.099,501.619,設定状況の魅力
o,0.116,0.116,501.843,設定状況の魅力
s,0.081,0.063,502.022,設定状況の魅力
u,0.12,0.076,502.035,設定状況の魅力
f,0.118,1.996,504.151,設定状況の魅力
u,0.093,0.03,504.298,設定状況の魅力
a,0.064,0.049,504.44,設定状況の魅力
a,0.08,0.094,504.598,設定状況の魅力
n,0.069,0.058,504.736,設定状況の魅力
n,0.089,0.066,504.87,設定状況の魅力
f,0.094,0.294,505.253,設定状況の魅力
u,0.133,0.164,505.512,設定状況の魅力
a,0.085,0.168,505.813,設定状況の魅力
n,0.076,0.062,505.96,設定状況の魅力
n,0.09,0.06,506.096,設定状況の魅力
w,0.118,0.487,506.673,設定状況の魅力
a,0.13,0.606,506.791,設定状況の魅力
k,0.183,0.09,506.881,設定状況の魅力
u,0.123,0.08,507.001,設定状況の魅力
t,0.075,0.359,507.484,設定状況の魅力
u,0.091,0.035,507.594,設定状況の魅力
m,0.177,0.178,507.863,設定状況の魅力
i,0.141,0.266,507.951,設定状況の魅力
k,0.161,0.77,508.862,設定状況の魅力
o,0.128,0.877,508.968,設定状況の魅力
i,0.111,0.212,509.308,設定状況の魅力
n,0.173,0.378,509.797,設定状況の魅力
u,0.139,0.494,509.912,設定状況の魅力
d,0.121,0.921,510.973,設定状況の魅力
a,0.119,0.183,511.277,設定状況の魅力
r,0.125,0.239,511.635,設定状況の魅力
e,0.131,0.34,511.736,設定状況の魅力
m,0.19,0.591,512.458,設定状況の魅力
i,0.109,0.71,512.577,設定状況の魅力
m,0.121,0.348,513.034,設定状況の魅力
e,0.124,0.03,513.186,設定状況の魅力
i,0.116,0.115,513.425,設定状況の魅力
s,0.095,0.336,513.877,設定状況の魅力
i,0.084,0.429,513.969,設定状況の魅力
t,0.107,0.692,514.746,設定状況の魅力
i,0.113,0.069,514.921,設定状況の魅力
t,0.098,0.603,515.637,設定状況の魅力
i,0.109,0.125,515.861,設定状況の魅力
g,0.075,0.348,516.318,設定状況の魅力
o,0.104,0.03,516.423,設定状況の魅力
d,0.139,0.842,517.368,設定状況の魅力
o,0.114,0.04,517.548,設定状況の魅力
r,0.127,0.764,518.426,設定状況の魅力
u,0.114,0.03,518.583,設定状況の魅力
e,0.116,1.405,520.102,設定状況の魅力
g,0.055,0.689,520.907,設定状況の魅力
e,0.088,0.039,521.002,設定状況の魅力
n,0.098,0.031,521.12,設定状況の魅力
t,0.09,0.187,521.405,設定状況の魅力
u,0.083,0.055,521.551,設定状況の魅力
i,0.053,0.063,521.558,設定状況の魅力
o,0.186,1.008,522.642,設定状況の魅力
i,0.16,1.107,522.741,設定状況の魅力
p,0.131,0.628,523.528,設定状況の魅力
o,0.119,0.708,523.609,設定状況の魅力
t,0.084,0.131,523.858,設定状況の魅力
i,0.091,0.031,523.973,設定状況の魅力
o,0.064,0.732,524.797,設定状況の魅力
p,0.109,0.599,525.46,設定状況の魅力
o,0.096,0.679,525.54,設定状況の魅力
i,0.079,0.147,525.783,設定状況の魅力
n,0.046,0.109,525.971,設定状況の魅力
t,0.085,0.065,526.083,設定状況の魅力
i,0.099,0.22,526.388,設定状況の魅力
o,0.189,1.211,527.698,設定状況の魅力
p,0.107,1.211,527.698,設定状況の魅力
o,0.171,1.319,529.206,設定状況の魅力
i,0.093,0.347,529.724,設定状況の魅力
b,0.116,0.518,530.335,設定状況の魅力
t,0.08,0.154,530.605,設定状況の魅力
p,0.128,0.842,531.528,設定状況の魅力
o,0.136,0.9,531.586,設定状況の魅力
i,0.127,0.217,531.939,設定状況の魅力
n,0.094,0.031,532.097,設定状況の魅力
t,0.089,0.061,532.253,設定状況の魅力
o,0.149,1.175,533.517,設定状況の魅力
b,0.102,1.353,535.02,設定状況の魅力
a,0.099,0.046,535.167,設定状況の魅力
r,0.107,0.14,535.261,設定状況の魅力
a,0.098,0.029,535.397,設定状況の魅力
t,0.105,3.023,538.518,設定状況の魅力
o,0.163,0.083,538.706,設定状況の魅力
b,0.182,0.391,539.26,設定状況の魅力
i,0.238,0.486,539.355,設定状況の魅力
p,0.051,0.608,540.201,設定状況の魅力
u,0.102,0.266,540.518,設定状況の魅力
r,0.083,0.064,540.684,設定状況の魅力
o,0.106,0.031,540.799,設定状況の魅力
t,0.098,1.015,541.92,設定状況の魅力
o,0.09,0.076,542.095,設定状況の魅力
k,0.084,0.283,542.467,設定状況の魅力
i,0.079,0.116,542.667,設定状況の魅力
k,0.202,0.82,543.566,設定状況の魅力
u,0.069,0.994,543.74,設定状況の魅力
k,0.219,0.25,544.058,設定状況の魅力
o,0.05,0.443,544.251,設定状況の魅力
k,0.211,0.6,544.901,設定状況の魅力
u,0.138,0.718,545.019,設定状況の魅力
m,0.116,0.377,545.534,設定状況の魅力
i,0.128,0.443,545.6,設定状況の魅力
n,0.056,0.066,545.794,設定状況の魅力
n,0.068,0.068,545.918,設定状況の魅力
i,0.107,0.649,546.635,設定状況の魅力
b,0.102,0.173,546.915,設定状況の魅力
a,0.09,0.267,547.009,設定状況の魅力
r,0.127,0.051,547.15,設定状況の魅力
u,0.123,0.168,547.267,設定状況の魅力
y,0.128,1.41,548.801,設定状況の魅力
u,0.115,1.483,548.874,設定状況の魅力
u,0.093,1.24,550.229,設定状況の魅力
b,0.132,0.197,550.519,設定状況の魅力
i,0.102,0.277,550.599,設定状況の魅力
n,0.066,0.086,550.787,設定状況の魅力
n,0.081,0.067,550.92,設定状況の魅力
j,0.125,0.563,551.565,設定状況の魅力
i,0.122,0.633,551.635,設定状況の魅力
d,0.12,0.189,551.947,設定状況の魅力
a,0.075,0.023,552.09,設定状況の魅力
i,0.09,0.089,552.156,設定状況の魅力
b,0.13,0.614,552.861,設定状況の魅力
i,0.119,0.695,552.942,設定状況の魅力
z,0.102,0.072,553.132,設定状況の魅力
a,0.113,0.028,553.263,設定状況の魅力
t,0.121,1.02,554.396,設定状況の魅力
e,0.114,0.165,554.683,設定状況の魅力
w,0.078,0.166,554.684,設定状況の魅力
i,0.087,0.087,554.885,設定状況の魅力
u,0.11,1.004,555.976,設定状況の魅力
e,0.107,0.059,556.144,設定状況の魅力
r,0.1,0.032,556.284,設定状況の魅力
u,0.087,0.044,556.428,設定状況の魅力
t,0.084,1.172,557.687,設定状況の魅力
i,0.093,1.037,558.808,設定状況の魅力
s,0.079,0.121,559.022,設定状況の魅力
i,0.078,0.04,559.141,設定状況の魅力
k,0.081,0.199,559.418,設定状況の魅力
i,0.086,0.1,559.598,設定状況の魅力
k,0.083,0.567,560.251,設定状況の魅力
a,0.079,0.031,560.365,設定状況の魅力
j,0.139,0.11,560.554,設定状況の魅力
i,0.113,0.214,560.658,設定状況の魅力
k,0.089,0.846,561.617,設定状況の魅力
i,0.084,0.128,561.834,設定状況の魅力
n,0.15,0.932,562.85,設定状況の魅力
b,0.074,0.945,562.863,設定状況の魅力
u,0.128,0.974,562.891,設定状況の魅力
k,0.082,0.681,563.7,設定状況の魅力
i,0.068,0.095,563.878,設定状況の魅力
n,0.119,0.092,564.037,設定状況の魅力
i,0.096,0.179,564.124,設定状況の魅力
space,0.084,1.086,565.306,設定状況の魅力
k,0.079,4.677,570.067,設定状況の魅力
a,0.094,4.727,570.117,設定状況の魅力
t,0.09,0.057,570.268,設定状況の魅力
u,0.078,0.113,570.323,設定状況の魅力
k,0.091,5.347,575.748,設定状況の魅力
a,0.212,5.433,575.834,設定状況の魅力
z,0.115,0.144,575.984,設定状況の魅力
e,0.111,0.086,576.184,設定状況の魅力
t,0.1,0.787,577.083,設定状況の魅力
u,0.101,0.065,577.248,設定状況の魅力
u,0.125,0.459,577.809,設定状況の魅力
s,0.107,0.108,578.042,設定状況の魅力
i,0.075,0.209,578.142,設定状況の魅力
n,0.073,0.099,578.316,設定状況の魅力
n,0.097,0.064,578.453,設定状況の魅力
space,0.083,0.067,578.617,設定状況の魅力
a,0.1,2.366,581.066,設定状況の魅力
n,0.069,0.031,581.197,設定状況の魅力
p,0.075,1.676,582.943,設定状況の魅力
a,0.117,0.066,583.084,設定状況の魅力
n,0.097,0.165,583.366,設定状況の魅力
d,0.086,0.454,583.916,設定状況の魅力
a,0.094,0.031,584.033,設定状況の魅力
r,0.127,2.039,586.166,設定状況の魅力
i,0.142,0.031,586.324,設定状況の魅力
r,0.102,0.44,586.906,設定状況の魅力
u,0.121,0.341,587.35,設定状況の魅力
s,0.082,0.035,587.506,設定状況の魅力
u,0.077,0.023,587.611,設定状況の魅力
g,0.089,0.644,588.332,設定状況の魅力
o,0.081,0.721,588.409,設定状況の魅力
m,0.099,0.194,588.684,設定状況の魅力
u,0.09,0.11,588.893,設定状況の魅力
r,0.098,0.779,589.763,設定状況の魅力
i,0.058,0.026,589.886,設定状況の魅力
k,0.078,0.113,590.057,設定状況の魅力
a,0.1,0.172,590.116,設定状況の魅力
i,0.082,0.035,590.251,設定状況の魅力
u,0.08,0.704,591.036,設定状況の魅力
s,0.081,0.279,591.396,設定状況の魅力
u,0.078,0.031,591.508,設定状況の魅力
i,0.085,0.113,591.699,設定状況の魅力
r,0.094,0.607,592.391,設定状況の魅力
o,0.066,0.697,592.481,設定状況の魅力
k,0.15,0.122,592.669,設定状況の魅力
u,0.13,0.229,592.776,設定状況の魅力
n,0.119,0.429,593.335,設定状況の魅力
i,0.09,0.518,593.424,設定状況の魅力
j,0.11,0.069,593.583,設定状況の魅力
i,0.119,0.139,593.653,設定状況の魅力
s,0.087,0.574,594.345,設定状況の魅力
y,0.112,0.03,594.463,設定状況の魅力
u,0.08,0.078,594.652,設定状況の魅力
u,0.077,0.073,594.806,設定状況の魅力
s,0.116,0.506,595.388,設定状況の魅力
u,0.098,0.613,595.495,設定状況の魅力
r,0.087,0.105,595.698,設定状況の魅力
i,0.073,0.025,595.81,設定状況の魅力
n,0.068,0.867,596.75,設定状況の魅力
a,0.052,0.03,596.848,設定状況の魅力
k,0.076,0.025,596.925,設定状況の魅力
a,0.081,0.1,597.001,設定状況の魅力
o,0.066,0.886,597.968,設定状況の魅力
o,0.077,0.416,598.45,設定状況の魅力
a,0.086,0.339,598.866,設定状況の魅力
m,0.077,0.023,598.975,設定状況の魅力
e,0.113,0.057,599.109,設定状況の魅力
k,0.194,0.616,599.838,設定状況の魅力
u,0.102,0.764,599.986,設定状況の魅力
b,0.148,0.306,600.394,設定状況の魅力
i,0.115,0.411,600.499,設定状況の魅力
u,0.082,0.661,601.275,設定状況の魅力
a,0.096,0.256,601.613,設定状況の魅力
g,0.035,0.04,601.748,設定状況の魅力
h,0.058,0.043,601.752,設定状況の魅力
i,0.073,0.139,601.949,設定状況の魅力
j,0.084,0.728,602.75,設定状況の魅力
a,0.102,0.025,602.858,設定状況の魅力
m,0.09,0.107,603.066,設定状況の魅力
u,0.083,0.293,603.449,設定状況の魅力
f,0.08,1.223,604.755,設定状況の魅力
u,0.062,0.041,604.877,設定状況の魅力
m,0.078,0.134,605.074,設定状況の魅力
u,0.069,0.139,605.291,設定状況の魅力
f,0.081,0.808,606.168,設定状況の魅力
u,0.07,0.038,606.287,設定状況の魅力
n,0.087,0.144,606.5,設定状況の魅力
e,0.105,0.225,606.582,設定状況の魅力
n,0.081,0.616,607.303,設定状況の魅力
e,0.041,0.032,607.415,設定状況の魅力
a,0.125,0.086,607.543,設定状況の魅力
n,0.088,0.342,608.01,設定状況の魅力
a,0.084,0.033,608.131,設定状況の魅力
r,0.116,0.102,608.316,設定状況の魅力
u,0.104,0.206,608.421,設定状況の魅力
o,0.089,1.42,609.944,設定状況の魅力
u,0.114,0.202,610.235,設定状況の魅力
e,0.105,0.468,610.817,設定状況の魅力
n,0.1,0.03,610.953,設定状況の魅力
n,0.093,0.072,611.125,設定状況の魅力
t,0.102,0.932,612.149,設定状況の魅力
a,0.09,0.087,612.339,設定状況の魅力
b,0.171,0.321,612.749,設定状況の魅力
d,0.076,0.202,613.123,設定状況の魅力
t,0.089,0.278,613.477,設定状況の魅力
a,0.116,0.151,613.716,設定状況の魅力
d,0.101,0.081,613.914,設定状況の魅力
a,0.093,0.031,614.046,設定状況の魅力
n,0.093,0.81,614.949,設定状況の魅力
e,0.139,0.903,615.042,設定状況の魅力
s,0.093,0.463,615.645,設定状況の魅力
t,0.121,2.548,618.286,設定状況の魅力
a,0.117,0.06,618.467,設定状況の魅力
t,0.125,0.235,618.819,設定状況の魅力
u,0.139,0.393,619.337,設定状況の魅力
a,0.174,1.04,620.515,設定状況の魅力
t,0.15,0.06,620.749,設定状況の魅力
u,0.12,0.209,620.899,設定状況の魅力
d,0.115,0.574,621.593,設定状況の魅力
o,0.133,0.04,621.748,設定状況の魅力
u,0.123,0.244,622.126,設定状況の魅力
r,0.094,0.1,622.349,設定状況の魅力
o,0.112,0.202,622.645,設定状況の魅力
s,0.096,0.712,623.469,設定状況の魅力
a,0.116,0.074,623.639,設定状況の魅力
i,0.122,0.139,623.894,設定状況の魅力
s,0.13,0.525,624.54,設定状況の魅力
i,0.099,0.156,624.826,設定状況の魅力
s,0.061,0.094,625.02,設定状況の魅力
a,0.142,0.155,625.081,設定状況の魅力
i,0.082,0.028,625.251,設定状況の魅力
s,0.077,0.332,625.664,設定状況の魅力
a,0.123,0.068,625.809,設定状況の魅力
i,0.098,0.162,625.903,設定状況の魅力
s,0.084,0.272,626.274,設定状況の魅力
i,0.057,0.026,626.384,設定状況の魅力
a,0.183,0.124,626.566,設定状況の魅力
i,0.084,0.093,626.842,設定状況の魅力
m,0.107,0.958,627.884,設定状況の魅力
a,0.092,0.031,628.022,設定状況の魅力
k,0.183,0.071,628.185,設定状況の魅力
u,0.133,0.183,628.298,設定状況の魅力
n,0.076,0.784,629.215,設定状況の魅力
e,0.126,0.048,629.339,設定状況の魅力
k,0.183,0.05,629.515,設定状況の魅力
o,0.12,0.159,629.624,設定状況の魅力
f,0.116,0.295,630.038,設定状況の魅力
u,0.113,0.399,630.143,設定状況の魅力
t,0.109,0.276,630.531,設定状況の魅力
a,0.099,0.046,630.687,設定状況の魅力
t,0.093,0.671,631.457,設定状況の魅力
a,0.076,0.062,631.612,設定状況の魅力
m,0.07,0.028,631.717,設定状況の魅力
e,0.105,0.029,631.816,設定状況の魅力
k,0.09,0.894,632.815,設定状況の魅力
i,0.08,0.096,633.001,設定状況の魅力
p,0.087,0.15,633.232,設定状況の魅力
p,0.092,0.07,633.389,設定状況の魅力
u,0.103,0.108,633.589,設定状況の魅力
j,0.133,0.762,634.455,設定状況の魅力
i,0.112,0.835,634.528,設定状況の魅力
n,0.059,0.092,634.731,設定状況の魅力
n,0.1,0.074,634.864,設定状況の魅力
s,0.081,0.06,635.025,設定状況の魅力
e,0.119,0.091,635.197,設定状況の魅力
i,0.128,0.159,635.476,設定状況の魅力
space,0.085,0.982,636.585,設定状況の魅力
b,0.125,4.744,641.414,設定状況の魅力
o,0.128,0.031,641.57,設定状況の魅力
t,0.05,0.583,642.281,設定状況の魅力
t,0.098,0.078,642.409,設定状況の魅力
a,0.084,0.075,642.581,設定状況の魅力
n,0.056,0.028,642.693,設定状況の魅力
v,0.09,0.608,643.357,設定状況の魅力
o,0.133,0.03,643.477,設定状況の魅力
t,0.075,0.037,643.647,設定状況の魅力
b,0.093,0.676,644.398,設定状況の魅力
o,0.064,0.347,644.837,設定状況の魅力
t,0.073,0.098,645.0,設定状況の魅力
a,0.081,0.793,645.865,設定状況の魅力
n,0.067,0.139,646.086,設定状況の魅力
n,0.076,0.08,646.232,設定状況の魅力
u,0.092,2.079,648.388,設定状況の魅力
d,0.093,0.19,648.671,設定状況の魅力
o,0.048,0.031,648.795,設定状況の魅力
n,0.065,0.196,649.038,設定状況の魅力
n,0.084,0.08,649.183,設定状況の魅力
k,0.142,1.006,650.273,設定状況の魅力
a,0.122,1.115,650.382,設定状況の魅力
m,0.107,0.045,650.55,設定状況の魅力
e,0.08,0.071,650.728,設定状況の魅力
i,0.078,0.147,650.955,設定状況の魅力
z,0.09,1.847,652.881,設定状況の魅力
u,0.126,0.034,653.005,設定状況の魅力
r,0.1,0.083,653.214,設定状況の魅力
t,0.06,0.09,653.22,設定状況の魅力
z,0.123,0.577,653.891,設定状況の魅力
u,0.104,0.034,654.048,設定状況の魅力
r,0.101,0.255,654.407,設定状況の魅力
u,0.094,0.031,654.539,設定状況の魅力
i,0.094,0.104,654.737,設定状況の魅力
k,0.186,2.659,657.49,設定状況の魅力
u,0.131,2.771,657.602,設定状況の魅力
r,0.108,0.114,657.846,設定状況の魅力
o,0.102,0.201,657.933,設定状況の魅力
n,0.13,0.923,658.958,設定状況の魅力
i,0.131,0.987,659.022,設定状況の魅力
d,0.1,0.134,659.287,設定状況の魅力
o,0.164,0.069,659.456,設定状況の魅力
u,0.149,0.045,659.665,設定状況の魅力
m,0.168,0.566,660.38,設定状況の魅力
i,0.133,0.65,660.464,設定状況の魅力
m,0.189,1.078,661.675,設定状況の魅力
i,0.109,1.188,661.785,設定状況の魅力
m,0.168,0.293,662.187,設定状況の魅力
o,0.128,0.395,662.289,設定状況の魅力
g,0.073,0.781,663.198,設定状況の魅力
o,0.088,0.03,663.301,設定状況の魅力
m,0.17,0.056,663.445,設定状況の魅力
i,0.116,0.175,663.563,設定状況の魅力
b,0.111,0.923,664.602,設定状況の魅力
a,0.078,0.03,664.744,設定状況の魅力
g,0.092,0.533,665.355,設定状況の魅力
g,0.083,0.132,665.579,設定状況の魅力
u,0.15,0.078,665.74,設定状況の魅力
s,0.072,0.826,666.716,設定状況の魅力
e,0.12,0.099,666.887,設定状況の魅力
k,0.095,0.057,667.065,設定状況の魅力
s,0.075,0.379,667.538,設定状況の魅力
e,0.087,0.107,667.721,設定状況の魅力
i,0.079,0.188,667.802,設定状況の魅力
k,0.093,0.099,667.981,設定状況の魅力
a,0.113,0.169,668.051,設定状況の魅力
g,0.082,0.46,668.624,設定状況の魅力
o,0.057,0.031,668.736,設定状況の魅力
g,0.087,0.022,668.814,設定状況の魅力
o,0.063,0.021,668.922,設定状況の魅力
s,0.093,0.785,669.771,設定状況の魅力
y,0.162,0.112,669.976,設定状況の魅力
u,0.091,0.234,670.097,設定状況の魅力
u,0.076,0.086,670.274,設定状況の魅力
z,0.138,0.926,671.276,設定状況の魅力
u,0.088,0.067,671.481,設定状況の魅力
t,0.067,0.112,671.681,設定状況の魅力
t,0.082,0.069,671.816,設定状況の魅力
o,0.065,0.051,671.949,設定状況の魅力
t,0.088,0.729,672.743,設定状況の魅力
a,0.083,0.099,672.93,設定状況の魅力
k,0.179,0.062,673.075,設定状況の魅力
u,0.125,0.155,673.168,設定状況の魅力
t,0.078,0.238,673.531,設定状況の魅力
a,0.103,0.121,673.73,設定状況の魅力
a,0.125,0.55,674.383,設定状況の魅力
t,0.13,0.055,674.563,設定状況の魅力
u,0.144,0.11,674.618,設定状況の魅力
g,0.076,0.802,675.564,設定状況の魅力
u,0.142,0.358,675.998,設定状況の魅力
a,0.099,0.319,676.459,設定状況の魅力
i,0.105,0.039,676.597,設定状況の魅力
r,0.147,1.002,677.705,設定状況の魅力
y,0.165,0.151,678.002,設定状況の魅力
u,0.109,0.238,678.089,設定状況の魅力
u,0.105,0.056,678.254,設定状況の魅力
g,0.109,0.277,678.637,設定状況の魅力
a,0.096,0.027,678.773,設定状況の魅力
k,0.181,0.043,678.912,設定状況の魅力
u,0.131,0.153,679.022,設定状況の魅力
g,0.091,1.016,680.168,設定状況の魅力
y,0.129,0.029,680.289,設定状況の魅力
o,0.177,0.132,680.391,設定状況の魅力
u,0.118,0.087,680.504,設定状況の魅力
a,0.142,0.652,681.274,設定状況の魅力
t,0.107,0.029,681.445,設定状況の魅力
k,0.236,0.13,681.682,設定状況の魅力
u,0.146,0.191,681.743,設定状況の魅力
a,0.144,0.312,682.23,設定状況の魅力
t,0.142,0.408,682.326,設定状況の魅力
right,0.138,12.625,695.092,設定状況の魅力
